"Table 4: GDHI per head as indices, UK equals 100",,,,,,,,,,,,,,,,,,,,, , ,,,,,
ITL,ITL code,Region name,1997,1998,1999,2000,2001,2002,2003,2004,2005,2006,2007,2008,2009,2010,2011,2012,2013,2014,2015,2016,2017,2018,2019,2020,2021
UK,UK,United Kingdom, 100.0 , 100.0 , 100.0 , 100.0 , 100.0 , 100.0 , 100.0 , 100.0 , 100.0 , 100.0 , 100.0 , 100.0 , 100.0 , 100.0 , 100.0 , 100.0 , 100.0 , 100.0 , 100.0 , 100.0 , 100.0 , 100.0 , 100.0 , 100.0 , 100.0 
Other,TLB,England, 102.4 , 102.5 , 102.6 , 102.5 , 102.4 , 102.2 , 102.1 , 102.0 , 102.0 , 102.0 , 102.1 , 101.9 , 102.0 , 101.9 , 101.8 , 101.9 , 102.0 , 102.1 , 102.4 , 102.5 , 102.5 , 102.6 , 102.6 , 102.4 , 102.5 
ITL1,TLC,North East, 85.9 , 84.6 , 84.0 , 84.0 , 84.5 , 84.0 , 84.1 , 84.5 , 83.2 , 82.8 , 81.2 , 80.9 , 83.1 , 83.7 , 83.8 , 84.1 , 82.9 , 82.4 , 81.1 , 81.1 , 80.9 , 80.0 , 79.9 , 81.0 , 81.5 
ITL2,TLC1,Tees Valley and Durham, 85.4 , 83.2 , 83.3 , 83.0 , 83.7 , 82.9 , 82.6 , 83.1 , 82.5 , 81.7 , 79.9 , 79.4 , 81.3 , 82.0 , 82.2 , 82.4 , 80.9 , 81.0 , 79.4 , 79.3 , 79.2 , 78.4 , 78.2 , 79.6 , 79.8 
ITL3,TLC11,Hartlepool and Stockton-on-Tees, 86.0 , 83.5 , 84.1 , 83.1 , 83.6 , 84.0 , 83.8 , 84.5 , 84.8 , 84.4 , 82.6 , 82.5 , 84.1 , 84.5 , 85.7 , 85.2 , 82.7 , 82.8 , 80.6 , 80.6 , 80.5 , 79.4 , 79.7 , 81.2 , 81.3 
ITL3,TLC12,South Teesside, 83.1 , 78.3 , 79.1 , 79.2 , 80.1 , 78.6 , 78.2 , 78.6 , 78.5 , 78.4 , 76.0 , 75.8 , 78.9 , 78.6 , 79.2 , 80.8 , 79.2 , 80.0 , 78.0 , 77.4 , 77.1 , 76.8 , 76.5 , 77.8 , 76.9 
ITL3,TLC13,Darlington, 89.2 , 86.2 , 84.2 , 86.4 , 90.0 , 88.0 , 87.9 , 87.1 , 85.6 , 83.6 , 84.0 , 81.9 , 84.0 , 84.0 , 82.3 , 82.7 , 82.3 , 81.2 , 80.4 , 82.5 , 84.3 , 82.7 , 82.4 , 86.1 , 84.8 
ITL3,TLC14,Durham CC, 85.6 , 85.3 , 85.0 , 84.5 , 84.7 , 83.8 , 83.2 , 84.1 , 82.7 , 81.7 , 79.7 , 79.1 , 80.5 , 82.0 , 81.9 , 81.6 , 80.6 , 80.5 , 79.3 , 78.8 , 78.6 , 77.8 , 77.5 , 78.3 , 79.5 
ITL2,TLC2,"Northumberland, and Tyne and Wear", 86.3 , 85.7 , 84.6 , 84.8 , 85.2 , 84.9 , 85.4 , 85.7 , 83.9 , 83.7 , 82.3 , 82.2 , 84.6 , 85.2 , 85.1 , 85.6 , 84.4 , 83.6 , 82.5 , 82.6 , 82.3 , 81.2 , 81.3 , 82.2 , 82.9 
ITL3,TLC21,Northumberland, 95.1 , 94.0 , 94.5 , 95.0 , 95.2 , 94.4 , 95.6 , 95.2 , 93.9 , 95.6 , 93.2 , 96.2 , 100.3 , 99.2 , 98.7 , 98.4 , 97.5 , 96.5 , 95.1 , 95.6 , 95.3 , 93.9 , 93.4 , 93.7 , 94.0 
ITL3,TLC22,Tyneside, 85.6 , 85.8 , 83.4 , 83.2 , 83.8 , 83.5 , 83.8 , 84.7 , 82.0 , 81.3 , 79.9 , 78.9 , 81.1 , 82.0 , 81.9 , 82.7 , 81.3 , 80.8 , 80.0 , 79.5 , 79.1 , 78.4 , 78.8 , 79.9 , 80.8 
ITL3,TLC23,Sunderland, 79.1 , 76.9 , 77.5 , 78.3 , 78.2 , 78.6 , 78.5 , 78.0 , 78.2 , 77.5 , 76.8 , 76.0 , 77.3 , 78.5 , 79.2 , 79.7 , 79.0 , 77.5 , 75.8 , 77.1 , 77.2 , 75.3 , 75.1 , 75.7 , 76.3 
ITL1,TLD,North West, 90.7 , 90.2 , 90.8 , 90.1 , 89.8 , 90.0 , 90.3 , 90.1 , 89.7 , 89.0 , 88.4 , 87.6 , 89.2 , 89.2 , 89.1 , 88.6 , 88.0 , 87.6 , 87.1 , 86.7 , 87.2 , 86.8 , 87.1 , 88.1 , 87.0 
ITL2,TLD1,Cumbria, 92.1 , 93.8 , 92.4 , 90.8 , 93.3 , 92.6 , 94.0 , 94.4 , 94.0 , 93.8 , 93.4 , 92.5 , 95.0 , 96.7 , 96.0 , 96.7 , 96.4 , 96.2 , 95.4 , 94.8 , 94.7 , 93.3 , 93.2 , 93.6 , 92.6 
ITL3,TLD11,West Cumbria, 83.1 , 84.6 , 83.3 , 83.9 , 85.6 , 83.4 , 84.5 , 85.6 , 84.7 , 85.2 , 86.6 , 85.9 , 87.6 , 89.1 , 89.1 , 90.7 , 89.4 , 89.2 , 88.7 , 88.7 , 88.5 , 86.8 , 86.7 , 88.4 , 88.1 
ITL3,TLD12,East Cumbria, 100.6 , 102.4 , 101.0 , 97.3 , 100.6 , 101.0 , 102.6 , 102.3 , 102.3 , 101.5 , 99.4 , 98.5 , 101.6 , 103.5 , 102.1 , 102.1 , 102.6 , 102.4 , 101.2 , 100.2 , 100.1 , 99.1 , 99.0 , 98.1 , 96.5 
ITL2,TLD3,Greater Manchester, 89.3 , 88.5 , 90.1 , 89.6 , 88.8 , 88.8 , 88.2 , 87.6 , 87.1 , 86.5 , 85.6 , 84.4 , 85.5 , 85.3 , 85.2 , 84.9 , 84.2 , 83.8 , 83.2 , 82.8 , 83.4 , 83.3 , 83.6 , 84.9 , 83.9 
ITL3,TLD33,Manchester, 67.7 , 68.9 , 71.8 , 71.0 , 71.3 , 72.7 , 71.8 , 71.3 , 71.5 , 71.0 , 69.9 , 69.5 , 72.0 , 71.7 , 71.9 , 71.3 , 70.7 , 70.8 , 70.9 , 70.9 , 73.4 , 74.1 , 74.3 , 76.7 , 77.9 
ITL3,TLD34,Greater Manchester South West, 111.1 , 109.7 , 110.7 , 110.4 , 108.6 , 108.4 , 107.6 , 107.0 , 106.2 , 104.7 , 103.3 , 101.7 , 101.4 , 100.2 , 100.0 , 99.1 , 97.5 , 96.5 , 98.5 , 97.5 , 97.0 , 96.9 , 97.4 , 97.9 , 97.0 
ITL3,TLD35,Greater Manchester South East, 91.2 , 90.1 , 92.6 , 92.3 , 90.7 , 90.8 , 91.3 , 89.4 , 89.4 , 89.2 , 88.5 , 87.6 , 89.8 , 90.3 , 90.8 , 90.3 , 89.8 , 90.1 , 89.9 , 91.0 , 91.2 , 91.2 , 91.7 , 92.3 , 90.5 
ITL3,TLD36,Greater Manchester North West, 92.2 , 90.8 , 91.7 , 91.1 , 90.5 , 89.9 , 89.5 , 89.2 , 88.2 , 87.7 , 86.9 , 85.1 , 85.6 , 85.4 , 85.1 , 85.0 , 84.0 , 82.8 , 79.8 , 78.7 , 80.0 , 79.3 , 79.2 , 80.4 , 78.9 
ITL3,TLD37,Greater Manchester North East, 84.1 , 83.3 , 84.6 , 84.1 , 83.9 , 83.6 , 82.7 , 82.9 , 82.1 , 81.9 , 81.2 , 80.0 , 81.0 , 80.9 , 80.7 , 81.1 , 80.9 , 80.8 , 79.8 , 79.0 , 78.4 , 78.3 , 78.8 , 80.2 , 78.5 
ITL2,TLD4,Lancashire, 88.3 , 87.5 , 86.9 , 86.8 , 86.9 , 86.4 , 86.5 , 86.2 , 86.4 , 85.6 , 85.2 , 85.1 , 87.0 , 86.9 , 87.2 , 85.6 , 84.6 , 84.3 , 83.7 , 83.7 , 84.2 , 83.3 , 83.8 , 85.0 , 83.7 
ITL3,TLD41,Blackburn with Darwen, 78.4 , 76.9 , 77.8 , 74.0 , 73.7 , 71.6 , 72.6 , 71.9 , 72.8 , 72.3 , 70.3 , 68.3 , 68.8 , 70.5 , 69.4 , 67.8 , 66.0 , 66.5 , 64.9 , 65.0 , 66.5 , 67.1 , 68.3 , 71.5 , 69.3 
ITL3,TLD42,Blackpool, 89.3 , 88.7 , 86.5 , 87.9 , 85.9 , 84.9 , 81.5 , 79.9 , 78.2 , 76.9 , 76.9 , 76.7 , 79.0 , 79.8 , 81.9 , 79.4 , 78.2 , 78.1 , 76.9 , 78.4 , 79.4 , 78.1 , 78.5 , 79.9 , 77.1 
ITL3,TLD44,Lancaster and Wyre, 85.0 , 85.0 , 84.5 , 84.8 , 85.4 , 86.0 , 86.3 , 86.0 , 85.7 , 85.3 , 84.9 , 84.8 , 87.9 , 87.6 , 87.7 , 86.4 , 86.1 , 85.7 , 83.7 , 83.4 , 84.7 , 83.7 , 83.4 , 84.3 , 86.2 
ITL3,TLD45,Mid Lancashire, 99.8 , 98.8 , 97.7 , 97.7 , 98.5 , 97.5 , 97.8 , 97.3 , 97.2 , 96.3 , 95.4 , 95.0 , 96.9 , 96.3 , 96.1 , 94.5 , 93.0 , 93.0 , 92.8 , 93.1 , 93.2 , 92.4 , 92.8 , 93.4 , 92.3 
ITL3,TLD46,East Lancashire, 76.9 , 76.4 , 76.1 , 75.9 , 76.2 , 75.9 , 76.6 , 77.1 , 78.2 , 77.8 , 78.3 , 79.2 , 80.8 , 80.6 , 80.9 , 79.4 , 79.0 , 77.6 , 77.0 , 77.7 , 77.5 , 76.0 , 76.0 , 77.3 , 74.3 
ITL3,TLD47,Chorley and West Lancashire, 95.8 , 94.2 , 94.2 , 94.7 , 95.0 , 94.7 , 95.1 , 94.8 , 95.1 , 94.2 , 93.6 , 93.5 , 95.4 , 94.7 , 95.9 , 94.5 , 93.0 , 93.0 , 94.3 , 92.4 , 92.1 , 91.6 , 93.0 , 94.3 , 93.3 
ITL2,TLD6,Cheshire, 104.9 , 104.2 , 105.1 , 103.8 , 102.6 , 105.1 , 107.2 , 107.7 , 107.3 , 106.2 , 105.4 , 104.7 , 105.7 , 104.9 , 104.6 , 105.0 , 105.3 , 105.5 , 106.7 , 105.5 , 106.8 , 107.6 , 107.9 , 107.8 , 104.4 
ITL3,TLD61,Warrington, 96.0 , 95.8 , 96.2 , 98.4 , 99.3 , 98.5 , 98.4 , 100.3 , 98.7 , 98.4 , 98.9 , 96.6 , 96.0 , 95.9 , 96.9 , 98.2 , 95.9 , 96.4 , 98.4 , 96.5 , 96.8 , 97.5 , 98.1 , 98.7 , 96.6 
ITL3,TLD62,Cheshire East, 111.9 , 111.4 , 112.2 , 109.7 , 107.7 , 111.5 , 113.7 , 113.1 , 112.9 , 111.8 , 110.5 , 109.6 , 111.0 , 110.0 , 109.7 , 109.4 , 111.8 , 112.5 , 115.3 , 113.8 , 115.4 , 117.1 , 117.6 , 117.2 , 113.9 
ITL3,TLD63,Cheshire West and Chester, 102.5 , 101.4 , 102.7 , 100.5 , 99.0 , 102.1 , 105.2 , 106.3 , 106.2 , 104.5 , 103.8 , 104.0 , 105.6 , 104.6 , 103.6 , 104.2 , 103.7 , 103.2 , 102.2 , 101.7 , 103.5 , 103.3 , 103.0 , 102.9 , 98.4 
ITL2,TLD7,Merseyside, 86.6 , 86.2 , 86.8 , 85.8 , 85.4 , 85.9 , 86.4 , 86.1 , 85.5 , 84.6 , 84.4 , 83.7 , 86.1 , 86.3 , 86.1 , 85.6 , 85.0 , 84.1 , 83.1 , 82.8 , 82.7 , 81.9 , 81.9 , 83.3 , 83.3 
ITL3,TLD71,East Merseyside, 76.4 , 76.0 , 77.0 , 78.3 , 79.3 , 79.3 , 80.0 , 80.5 , 80.9 , 80.4 , 80.9 , 80.6 , 82.4 , 82.5 , 82.5 , 81.9 , 80.9 , 80.1 , 79.4 , 80.2 , 80.9 , 80.5 , 81.7 , 83.2 , 81.4 
ITL3,TLD72,Liverpool, 78.9 , 77.7 , 79.3 , 78.7 , 79.7 , 79.4 , 80.0 , 80.0 , 78.7 , 79.2 , 78.3 , 76.4 , 78.9 , 79.4 , 79.5 , 78.8 , 78.0 , 77.8 , 76.9 , 75.8 , 75.5 , 74.6 , 73.9 , 75.9 , 78.3 
ITL3,TLD73,Sefton, 105.7 , 105.7 , 104.0 , 97.7 , 92.8 , 93.9 , 94.2 , 93.5 , 94.3 , 92.2 , 91.0 , 90.6 , 94.5 , 94.7 , 94.2 , 94.4 , 94.3 , 92.1 , 91.3 , 91.2 , 91.2 , 89.5 , 88.5 , 90.6 , 88.2 
ITL3,TLD74,Wirral, 95.0 , 95.3 , 95.8 , 95.7 , 95.6 , 97.1 , 97.7 , 95.9 , 93.8 , 91.7 , 92.4 , 92.4 , 94.4 , 94.5 , 93.8 , 93.4 , 93.1 , 92.4 , 90.4 , 89.8 , 88.8 , 88.5 , 88.8 , 88.8 , 89.3 
ITL1,TLE,Yorkshire and The Humber, 89.5 , 89.9 , 90.2 , 89.4 , 88.9 , 89.0 , 89.2 , 88.5 , 87.6 , 87.0 , 86.5 , 85.4 , 86.2 , 85.8 , 86.4 , 85.7 , 84.9 , 84.6 , 84.0 , 83.4 , 83.9 , 83.8 , 83.7 , 84.5 , 84.7 
ITL2,TLE1,East Yorkshire and Northern Lincolnshire, 85.3 , 85.5 , 86.9 , 85.5 , 84.9 , 85.5 , 85.8 , 85.6 , 84.9 , 84.1 , 83.6 , 82.4 , 83.1 , 83.1 , 84.6 , 83.5 , 81.8 , 81.4 , 80.9 , 81.0 , 81.9 , 82.1 , 82.0 , 83.3 , 82.5 
ITL3,TLE11,"Kingston upon Hull, City of", 69.0 , 69.6 , 71.3 , 73.4 , 74.8 , 75.1 , 73.5 , 72.3 , 71.2 , 69.1 , 68.4 , 68.5 , 70.6 , 70.5 , 72.0 , 71.3 , 69.7 , 70.1 , 68.7 , 69.2 , 69.8 , 70.0 , 69.9 , 72.4 , 69.4 
ITL3,TLE12,East Riding of Yorkshire, 98.9 , 98.0 , 101.7 , 97.9 , 94.5 , 95.5 , 96.7 , 97.3 , 97.7 , 97.7 , 95.9 , 94.4 , 95.4 , 95.8 , 96.7 , 94.8 , 93.2 , 92.5 , 93.4 , 92.7 , 93.6 , 94.4 , 94.0 , 94.4 , 94.2 
ITL3,TLE13,North and North East Lincolnshire, 85.7 , 86.4 , 85.1 , 83.0 , 83.3 , 83.5 , 84.6 , 84.1 , 82.7 , 82.0 , 82.9 , 81.0 , 80.4 , 80.1 , 82.2 , 81.4 , 79.5 , 78.9 , 77.7 , 78.2 , 79.3 , 79.0 , 79.1 , 80.4 , 80.8 
ITL2,TLE2,North Yorkshire, 105.2 , 109.0 , 107.3 , 102.5 , 102.4 , 103.7 , 103.2 , 101.4 , 102.6 , 104.3 , 103.4 , 102.5 , 104.9 , 103.5 , 104.0 , 103.7 , 102.5 , 101.3 , 101.9 , 100.8 , 101.5 , 102.2 , 102.1 , 101.2 , 102.4 
ITL3,TLE21,York, 97.4 , 101.1 , 103.9 , 100.9 , 101.5 , 102.8 , 99.9 , 94.0 , 92.7 , 93.6 , 94.6 , 92.7 , 94.6 , 94.4 , 94.2 , 94.4 , 93.3 , 93.9 , 93.2 , 92.4 , 92.8 , 93.7 , 93.7 , 93.1 , 96.3 
ITL3,TLE22,North Yorkshire CC, 107.7 , 111.4 , 108.4 , 103.1 , 102.7 , 104.0 , 104.3 , 103.7 , 105.7 , 107.7 , 106.2 , 105.7 , 108.3 , 106.5 , 107.2 , 106.8 , 105.6 , 103.8 , 104.8 , 103.7 , 104.5 , 105.1 , 104.9 , 103.9 , 104.4 
ITL2,TLE3,South Yorkshire, 83.2 , 83.1 , 84.0 , 83.7 , 84.3 , 84.1 , 84.4 , 84.2 , 82.7 , 81.5 , 80.6 , 79.6 , 80.6 , 80.3 , 80.8 , 80.2 , 79.6 , 80.0 , 78.6 , 78.0 , 78.3 , 77.9 , 77.4 , 78.4 , 80.1 
ITL3,TLE31,"Barnsley, Doncaster and Rotherham", 81.0 , 81.1 , 82.3 , 82.5 , 82.4 , 82.1 , 82.9 , 81.8 , 81.3 , 80.7 , 80.4 , 78.8 , 79.4 , 79.9 , 81.2 , 81.0 , 80.7 , 81.1 , 79.6 , 79.4 , 80.1 , 79.4 , 79.0 , 80.6 , 80.5 
ITL3,TLE32,Sheffield, 86.5 , 85.9 , 86.5 , 85.4 , 87.0 , 87.1 , 86.6 , 87.6 , 84.8 , 82.8 , 80.9 , 80.8 , 82.3 , 80.8 , 80.1 , 79.2 , 77.9 , 78.5 , 77.1 , 76.2 , 75.8 , 75.8 , 75.1 , 75.4 , 79.5 
ITL2,TLE4,West Yorkshire, 89.5 , 89.3 , 89.4 , 89.7 , 88.5 , 88.2 , 88.4 , 87.7 , 86.2 , 85.3 , 85.3 , 84.0 , 84.2 , 83.9 , 84.1 , 83.4 , 83.0 , 82.7 , 82.1 , 81.5 , 81.7 , 81.5 , 81.7 , 82.7 , 82.1 
ITL3,TLE41,Bradford, 86.3 , 85.6 , 86.0 , 86.2 , 82.9 , 82.4 , 81.6 , 81.8 , 79.4 , 78.0 , 77.3 , 76.4 , 76.6 , 75.6 , 75.5 , 74.9 , 74.9 , 75.0 , 74.6 , 73.8 , 73.6 , 72.4 , 72.5 , 73.9 , 72.4 
ITL3,TLE42,Leeds, 94.4 , 93.9 , 93.9 , 95.0 , 94.4 , 94.1 , 93.8 , 91.7 , 90.2 , 89.6 , 90.0 , 89.2 , 89.4 , 89.4 , 90.5 , 89.1 , 88.4 , 87.9 , 87.0 , 86.7 , 87.2 , 87.8 , 88.5 , 89.3 , 87.9 
ITL3,TLE44,Calderdale and Kirklees, 87.9 , 88.1 , 88.1 , 87.9 , 87.0 , 86.6 , 87.5 , 87.4 , 86.3 , 85.3 , 85.2 , 83.5 , 83.7 , 83.4 , 83.7 , 83.5 , 83.2 , 82.9 , 82.6 , 81.3 , 81.3 , 81.2 , 81.5 , 81.8 , 82.5 
ITL3,TLE45,Wakefield, 86.1 , 86.5 , 86.3 , 86.3 , 85.9 , 86.5 , 87.7 , 87.9 , 87.3 , 86.5 , 86.9 , 84.8 , 85.0 , 85.3 , 84.2 , 83.4 , 82.8 , 82.3 , 82.0 , 81.9 , 83.0 , 81.9 , 81.1 , 83.2 , 83.1 
ITL1,TLF,East Midlands, 91.2 , 91.0 , 91.0 , 89.7 , 90.0 , 90.0 , 91.0 , 90.7 , 90.0 , 89.2 , 90.2 , 88.9 , 88.8 , 88.2 , 89.0 , 88.7 , 88.1 , 88.1 , 87.8 , 86.9 , 87.3 , 86.7 , 86.9 , 88.0 , 87.4 
ITL2,TLF1,Derbyshire and Nottinghamshire, 86.7 , 87.3 , 87.9 , 86.2 , 87.0 , 87.4 , 88.4 , 88.3 , 87.1 , 86.6 , 87.3 , 86.3 , 86.4 , 85.1 , 85.4 , 85.2 , 85.1 , 85.1 , 85.1 , 84.1 , 84.0 , 83.5 , 83.7 , 84.8 , 85.6 
ITL3,TLF11,Derby, 86.0 , 85.0 , 85.2 , 80.7 , 81.7 , 82.7 , 82.5 , 82.9 , 79.6 , 81.3 , 79.7 , 77.1 , 80.0 , 76.7 , 75.9 , 77.3 , 77.2 , 78.4 , 77.3 , 76.7 , 78.0 , 78.2 , 78.8 , 79.8 , 77.2 
ITL3,TLF12,East Derbyshire, 79.4 , 80.5 , 82.2 , 80.7 , 84.1 , 84.3 , 83.7 , 83.0 , 82.4 , 82.9 , 83.5 , 81.0 , 80.8 , 80.2 , 81.0 , 80.9 , 79.8 , 79.6 , 80.5 , 78.7 , 79.8 , 80.0 , 80.7 , 83.5 , 83.7 
ITL3,TLF13,South and West Derbyshire, 89.1 , 89.5 , 90.3 , 89.1 , 89.4 , 90.0 , 94.1 , 94.8 , 94.7 , 94.3 , 94.7 , 93.9 , 93.2 , 92.7 , 95.1 , 94.6 , 95.6 , 94.6 , 96.1 , 95.0 , 94.1 , 93.3 , 92.9 , 93.1 , 94.7 
ITL3,TLF14,Nottingham, 77.6 , 78.0 , 78.7 , 77.3 , 76.2 , 75.8 , 74.7 , 71.4 , 70.1 , 68.9 , 68.8 , 68.5 , 67.6 , 66.9 , 66.5 , 65.9 , 66.9 , 66.8 , 66.1 , 66.0 , 65.0 , 64.2 , 64.8 , 66.0 , 69.3 
ITL3,TLF15,North Nottinghamshire, 83.6 , 85.3 , 85.2 , 85.1 , 85.6 , 86.4 , 86.9 , 88.2 , 86.8 , 84.9 , 86.8 , 86.5 , 87.0 , 85.7 , 85.2 , 84.2 , 83.2 , 83.7 , 84.3 , 83.2 , 83.4 , 83.7 , 83.8 , 84.8 , 84.5 
ITL3,TLF16,South Nottinghamshire, 101.8 , 102.2 , 102.3 , 98.9 , 100.7 , 100.5 , 101.8 , 101.7 , 100.3 , 99.8 , 102.0 , 102.0 , 101.5 , 99.7 , 99.0 , 99.9 , 99.4 , 99.5 , 97.5 , 96.3 , 95.8 , 94.3 , 94.1 , 94.9 , 96.4 
ITL2,TLF2,"Leicestershire, Rutland and Northamptonshire", 96.3 , 95.0 , 94.5 , 94.1 , 93.6 , 93.3 , 94.2 , 93.8 , 93.2 , 92.5 , 93.7 , 91.7 , 91.3 , 90.9 , 92.3 , 92.1 , 91.1 , 91.0 , 90.9 , 90.2 , 91.1 , 90.3 , 90.6 , 91.8 , 89.6 
ITL3,TLF21,Leicester, 78.4 , 74.9 , 75.6 , 75.8 , 75.7 , 75.9 , 75.3 , 74.0 , 70.9 , 69.7 , 69.8 , 67.3 , 68.2 , 68.9 , 68.4 , 68.5 , 67.3 , 66.8 , 65.9 , 66.5 , 66.7 , 65.6 , 65.9 , 69.4 , 67.4 
ITL3,TLF22,Leicestershire CC and Rutland, 102.5 , 102.0 , 101.0 , 99.2 , 98.6 , 98.8 , 100.7 , 100.5 , 100.0 , 98.4 , 99.0 , 97.0 , 97.1 , 97.0 , 97.7 , 96.7 , 95.5 , 95.2 , 94.8 , 93.2 , 94.7 , 93.6 , 94.4 , 94.8 , 94.6 
ITL3,TLF24,West Northamptonshire, 101.1 , 99.6 , 99.1 , 100.3 , 99.6 , 98.6 , 98.6 , 98.4 , 98.8 , 99.3 , 102.2 , 99.8 , 97.8 , 97.2 , 102.2 , 102.5 , 101.5 , 101.9 , 102.6 , 102.4 , 103.9 , 104.6 , 104.0 , 104.2 , 98.7 
ITL3,TLF25,North Northamptonshire, 95.1 , 94.4 , 93.6 , 93.3 , 92.8 , 91.9 , 93.3 , 93.3 , 94.1 , 94.6 , 96.5 , 95.7 , 94.4 , 92.9 , 93.9 , 94.2 , 94.2 , 94.3 , 94.9 , 93.8 , 93.9 , 92.1 , 91.9 , 93.7 , 90.8 
ITL2,TLF3,Lincolnshire, 93.1 , 93.2 , 92.2 , 90.3 , 90.1 , 89.9 , 91.0 , 90.7 , 91.1 , 89.2 , 90.2 , 89.7 , 90.1 , 90.7 , 91.9 , 91.2 , 89.8 , 89.6 , 88.0 , 87.2 , 87.5 , 87.2 , 87.4 , 88.0 , 87.4 
ITL3,TLF30,Lincolnshire CC, 93.1 , 93.2 , 92.2 , 90.3 , 90.1 , 89.9 , 91.0 , 90.7 , 91.1 , 89.2 , 90.2 , 89.7 , 90.1 , 90.7 , 91.9 , 91.2 , 89.8 , 89.6 , 88.0 , 87.2 , 87.5 , 87.2 , 87.4 , 88.0 , 87.4 
ITL1,TLG,West Midlands, 91.3 , 92.2 , 91.6 , 90.9 , 90.9 , 90.8 , 90.4 , 89.9 , 88.2 , 87.9 , 86.2 , 86.2 , 86.8 , 86.9 , 87.1 , 86.3 , 86.0 , 86.3 , 86.3 , 86.7 , 85.9 , 85.5 , 85.1 , 85.8 , 85.6 
ITL2,TLG1,"Herefordshire, Worcestershire and Warwickshire", 103.6 , 105.5 , 104.3 , 103.3 , 103.6 , 104.0 , 103.8 , 104.2 , 103.4 , 104.0 , 101.3 , 101.6 , 101.8 , 101.3 , 102.0 , 101.1 , 101.5 , 102.1 , 103.4 , 105.0 , 103.5 , 102.9 , 102.2 , 102.1 , 100.8 
ITL3,TLG11,"Herefordshire, County of", 94.1 , 96.2 , 94.4 , 93.6 , 94.7 , 95.6 , 96.1 , 97.0 , 96.0 , 97.7 , 94.9 , 95.8 , 96.9 , 99.0 , 100.5 , 98.5 , 98.8 , 97.2 , 97.4 , 97.2 , 95.3 , 95.2 , 96.0 , 96.9 , 99.6 
ITL3,TLG12,Worcestershire CC, 103.0 , 105.9 , 104.0 , 101.5 , 101.8 , 102.4 , 101.4 , 102.7 , 103.3 , 104.5 , 100.6 , 100.2 , 100.3 , 98.9 , 99.4 , 98.3 , 98.7 , 99.4 , 100.1 , 100.8 , 100.2 , 100.8 , 100.5 , 100.9 , 99.4 
ITL3,TLG13,Warwickshire CC, 107.4 , 108.3 , 108.1 , 108.6 , 108.6 , 108.6 , 109.0 , 108.3 , 106.1 , 105.5 , 104.2 , 105.1 , 105.1 , 104.5 , 105.2 , 105.0 , 105.2 , 106.5 , 108.8 , 112.1 , 109.6 , 107.5 , 106.2 , 105.1 , 102.6 
ITL2,TLG2,Shropshire and Staffordshire, 92.6 , 93.7 , 92.9 , 91.1 , 90.8 , 91.0 , 91.5 , 90.3 , 89.5 , 89.8 , 88.8 , 89.4 , 89.7 , 89.6 , 89.9 , 88.9 , 88.6 , 88.6 , 88.8 , 88.4 , 88.2 , 88.3 , 88.0 , 88.3 , 88.3 
ITL3,TLG21,Telford and Wrekin, 94.0 , 93.2 , 91.3 , 85.3 , 81.7 , 83.2 , 85.4 , 86.0 , 82.6 , 83.1 , 82.7 , 81.7 , 82.3 , 83.2 , 85.3 , 85.0 , 83.9 , 83.6 , 83.3 , 84.0 , 82.3 , 81.6 , 81.3 , 83.0 , 81.7 
ITL3,TLG22,Shropshire CC, 99.4 , 102.4 , 99.3 , 96.9 , 95.5 , 95.9 , 97.0 , 97.2 , 95.4 , 96.9 , 95.0 , 97.6 , 99.0 , 98.2 , 98.7 , 96.4 , 95.4 , 95.2 , 96.2 , 96.4 , 96.1 , 96.2 , 95.7 , 95.2 , 95.5 
ITL3,TLG23,Stoke-on-Trent, 76.8 , 76.0 , 77.9 , 76.4 , 74.5 , 74.0 , 74.3 , 73.8 , 74.9 , 73.0 , 73.3 , 72.5 , 73.1 , 73.3 , 74.4 , 73.9 , 73.9 , 73.4 , 72.4 , 72.1 , 72.0 , 72.8 , 72.2 , 72.9 , 71.4 
ITL3,TLG24,Staffordshire CC, 94.8 , 96.2 , 95.6 , 94.6 , 95.8 , 95.8 , 95.8 , 93.5 , 93.1 , 93.5 , 92.2 , 92.9 , 92.6 , 92.6 , 92.2 , 91.4 , 91.4 , 91.6 , 92.0 , 91.2 , 91.2 , 91.3 , 91.1 , 91.3 , 91.9 
ITL2,TLG3,West Midlands, 85.0 , 85.2 , 84.8 , 84.9 , 84.8 , 84.4 , 83.4 , 82.8 , 80.2 , 79.0 , 77.5 , 77.0 , 77.9 , 78.5 , 78.5 , 77.7 , 77.1 , 77.7 , 76.8 , 77.2 , 76.4 , 75.8 , 75.6 , 76.7 , 76.9 
ITL3,TLG31,Birmingham, 82.3 , 82.5 , 82.1 , 82.7 , 82.5 , 81.8 , 80.9 , 80.1 , 77.4 , 76.9 , 75.1 , 74.8 , 75.3 , 76.1 , 75.9 , 75.0 , 74.0 , 74.8 , 73.9 , 74.2 , 73.3 , 72.8 , 73.0 , 75.0 , 74.6 
ITL3,TLG32,Solihull, 112.1 , 112.6 , 112.3 , 113.3 , 118.4 , 118.7 , 117.1 , 115.4 , 113.7 , 110.5 , 108.7 , 107.4 , 107.0 , 106.7 , 107.7 , 107.2 , 109.5 , 110.1 , 111.7 , 111.2 , 110.4 , 110.3 , 109.5 , 106.5 , 106.0 
ITL3,TLG33,Coventry, 84.1 , 82.5 , 82.6 , 84.6 , 84.8 , 85.2 , 83.2 , 84.0 , 80.1 , 78.4 , 78.9 , 78.7 , 80.0 , 80.4 , 80.4 , 78.8 , 77.8 , 77.0 , 74.8 , 75.3 , 74.5 , 73.4 , 72.1 , 72.2 , 79.2 
ITL3,TLG36,Dudley, 89.2 , 89.4 , 88.9 , 87.9 , 86.3 , 85.2 , 84.4 , 84.6 , 82.4 , 81.5 , 79.3 , 78.1 , 80.1 , 81.2 , 81.4 , 81.5 , 81.1 , 81.2 , 80.3 , 80.5 , 78.9 , 78.1 , 77.8 , 79.0 , 77.9 
ITL3,TLG37,Sandwell, 76.3 , 76.3 , 76.2 , 75.8 , 74.9 , 74.6 , 74.1 , 73.7 , 71.7 , 70.4 , 68.5 , 67.9 , 69.3 , 69.7 , 70.0 , 69.6 , 68.5 , 69.6 , 69.1 , 69.8 , 69.1 , 68.4 , 68.6 , 70.2 , 67.4 
ITL3,TLG38,Walsall, 82.1 , 83.2 , 82.4 , 80.9 , 79.5 , 79.7 , 78.4 , 77.3 , 74.7 , 73.3 , 71.8 , 71.6 , 72.9 , 73.2 , 73.5 , 72.9 , 73.1 , 74.1 , 73.1 , 74.0 , 74.4 , 74.1 , 72.9 , 73.9 , 74.3 
ITL3,TLG39,Wolverhampton, 83.2 , 83.7 , 83.8 , 82.4 , 81.9 , 81.4 , 80.4 , 79.5 , 77.1 , 75.6 , 74.5 , 74.6 , 75.6 , 75.4 , 75.1 , 74.0 , 73.3 , 73.6 , 72.6 , 73.7 , 73.3 , 72.7 , 72.6 , 74.4 , 73.8 
ITL1,TLH,East, 105.4 , 104.9 , 104.6 , 104.6 , 105.3 , 105.5 , 104.5 , 103.5 , 103.6 , 102.5 , 102.1 , 102.7 , 103.6 , 103.4 , 103.1 , 103.1 , 103.0 , 103.0 , 103.4 , 104.0 , 104.6 , 104.6 , 104.5 , 103.8 , 103.0 
ITL2,TLH1,East Anglia, 96.5 , 96.1 , 95.8 , 96.0 , 96.4 , 96.6 , 95.4 , 94.8 , 95.4 , 94.1 , 93.7 , 94.9 , 95.5 , 96.2 , 96.1 , 96.2 , 95.7 , 95.7 , 95.7 , 95.9 , 95.8 , 95.6 , 96.0 , 95.9 , 94.5 
ITL3,TLH11,Peterborough, 92.1 , 92.5 , 95.4 , 95.6 , 94.7 , 94.0 , 91.7 , 89.1 , 88.1 , 89.3 , 89.3 , 88.1 , 86.8 , 87.4 , 87.1 , 86.8 , 86.2 , 87.5 , 86.6 , 86.9 , 86.7 , 85.5 , 86.0 , 87.6 , 82.3 
ITL3,TLH12,Cambridgeshire CC, 106.4 , 107.2 , 108.7 , 107.5 , 105.4 , 107.0 , 104.3 , 105.2 , 108.0 , 108.0 , 106.8 , 106.3 , 106.4 , 106.0 , 105.1 , 105.4 , 106.3 , 107.9 , 107.6 , 109.4 , 109.3 , 109.3 , 110.2 , 108.9 , 105.7 
ITL3,TLH14,Suffolk CC, 94.2 , 92.8 , 91.9 , 94.1 , 95.4 , 95.8 , 95.3 , 95.0 , 94.9 , 93.5 , 92.5 , 95.2 , 96.7 , 96.6 , 95.7 , 96.0 , 95.4 , 94.8 , 95.3 , 95.1 , 94.8 , 94.9 , 94.1 , 94.2 , 94.0 
ITL3,TLH15,Norwich and East Norfolk, 93.5 , 92.6 , 91.1 , 90.4 , 91.5 , 90.7 , 90.0 , 88.7 , 88.1 , 85.1 , 85.7 , 87.2 , 87.9 , 89.6 , 90.9 , 90.8 , 89.7 , 88.7 , 89.1 , 86.2 , 85.6 , 85.1 , 85.8 , 86.3 , 85.8 
ITL3,TLH16,North and West Norfolk, 87.9 , 87.5 , 86.7 , 86.5 , 88.8 , 88.4 , 87.9 , 86.4 , 86.8 , 84.0 , 84.5 , 86.7 , 88.6 , 91.5 , 92.5 , 92.5 , 91.7 , 90.8 , 89.8 , 89.6 , 91.1 , 91.6 , 93.3 , 92.5 , 91.4 
ITL3,TLH17,Breckland and South Norfolk, 95.2 , 94.9 , 92.6 , 92.2 , 93.6 , 92.3 , 91.6 , 90.6 , 90.5 , 88.0 , 88.6 , 89.8 , 89.6 , 91.3 , 92.1 , 92.2 , 89.9 , 89.5 , 89.6 , 91.0 , 91.7 , 90.9 , 91.3 , 91.7 , 92.5 
ITL2,TLH2,Bedfordshire and Hertfordshire, 115.3 , 115.3 , 113.6 , 114.8 , 115.6 , 115.5 , 114.6 , 113.1 , 112.8 , 112.7 , 112.8 , 112.4 , 113.3 , 112.8 , 111.9 , 112.1 , 113.2 , 113.6 , 114.3 , 114.5 , 115.5 , 115.2 , 114.5 , 113.0 , 112.0 
ITL3,TLH21,Luton, 86.4 , 80.9 , 82.0 , 82.1 , 84.0 , 84.9 , 85.0 , 83.9 , 82.3 , 80.1 , 78.9 , 78.0 , 78.1 , 78.8 , 78.8 , 78.3 , 77.0 , 77.6 , 76.1 , 79.4 , 82.3 , 80.8 , 81.2 , 84.1 , 79.4 
ITL3,TLH23,Hertfordshire CC, 122.6 , 124.5 , 121.5 , 123.8 , 125.5 , 124.6 , 123.6 , 121.9 , 121.4 , 122.0 , 122.9 , 122.2 , 123.3 , 121.8 , 120.7 , 121.4 , 123.3 , 124.1 , 125.4 , 124.6 , 125.4 , 125.3 , 124.4 , 121.9 , 122.2 
ITL3,TLH24,Bedford, 105.8 , 103.3 , 103.2 , 101.6 , 98.7 , 100.4 , 99.3 , 98.7 , 99.6 , 99.2 , 98.4 , 99.5 , 100.6 , 101.8 , 101.9 , 100.4 , 99.6 , 99.7 , 101.0 , 102.9 , 104.2 , 104.4 , 104.0 , 103.9 , 98.4 
ITL3,TLH25,Central Bedfordshire, 111.9 , 109.7 , 110.0 , 109.5 , 107.4 , 109.3 , 107.8 , 106.3 , 106.8 , 105.6 , 104.0 , 104.4 , 105.0 , 106.8 , 105.8 , 105.5 , 106.4 , 104.9 , 104.7 , 106.0 , 106.2 , 105.5 , 104.8 , 103.2 , 103.8 
ITL2,TLH3,Essex, 107.6 , 106.5 , 107.6 , 106.2 , 107.1 , 107.6 , 106.8 , 105.8 , 105.6 , 104.0 , 102.9 , 103.9 , 105.0 , 104.0 , 104.1 , 103.6 , 102.7 , 102.2 , 103.1 , 104.5 , 105.5 , 106.3 , 106.1 , 105.5 , 105.7 
ITL3,TLH31,Southend-on-Sea, 99.1 , 99.2 , 100.6 , 100.7 , 102.9 , 104.0 , 103.9 , 100.4 , 99.0 , 97.8 , 96.6 , 95.9 , 97.4 , 98.2 , 97.9 , 96.9 , 97.0 , 96.9 , 97.3 , 98.2 , 98.9 , 98.9 , 99.0 , 99.3 , 100.9 
ITL3,TLH32,Thurrock, 94.1 , 92.6 , 91.2 , 87.8 , 88.2 , 91.2 , 92.2 , 91.2 , 90.6 , 89.7 , 89.4 , 90.3 , 91.1 , 91.6 , 91.0 , 90.2 , 89.2 , 90.3 , 89.5 , 91.9 , 92.6 , 93.6 , 93.5 , 94.3 , 94.4 
ITL3,TLH34,Essex Haven Gateway, 93.8 , 93.5 , 95.7 , 94.7 , 95.9 , 97.1 , 96.3 , 96.2 , 96.0 , 94.6 , 93.8 , 95.0 , 97.1 , 96.2 , 96.7 , 96.4 , 96.2 , 95.2 , 94.6 , 95.6 , 95.9 , 95.9 , 95.9 , 95.5 , 96.5 
ITL3,TLH35,West Essex, 124.1 , 122.9 , 123.2 , 122.4 , 122.1 , 121.4 , 119.8 , 119.9 , 121.0 , 118.8 , 117.6 , 119.1 , 117.9 , 116.0 , 116.5 , 116.5 , 115.2 , 114.2 , 119.8 , 119.8 , 123.0 , 125.5 , 125.0 , 122.9 , 121.2 
ITL3,TLH36,Heart of Essex, 126.0 , 123.6 , 125.1 , 123.4 , 123.6 , 122.8 , 121.3 , 119.5 , 118.9 , 117.2 , 115.9 , 117.1 , 118.0 , 116.1 , 115.8 , 115.2 , 114.4 , 115.0 , 115.7 , 118.9 , 119.7 , 120.2 , 119.8 , 118.9 , 118.5 
ITL3,TLH37,Essex Thames Gateway, 105.7 , 104.3 , 105.6 , 103.7 , 105.2 , 105.6 , 105.0 , 104.3 , 103.9 , 102.2 , 101.0 , 101.9 , 103.6 , 102.6 , 102.5 , 101.8 , 99.8 , 98.3 , 98.6 , 100.1 , 100.7 , 101.7 , 101.6 , 100.9 , 101.0 
ITL1,TLI,London, 121.8 , 123.3 , 125.5 , 128.0 , 127.7 , 126.5 , 128.1 , 129.7 , 132.6 , 133.7 , 137.0 , 137.5 , 134.6 , 134.2 , 131.8 , 135.0 , 137.1 , 138.2 , 140.5 , 141.0 , 140.0 , 141.9 , 141.3 , 139.7 , 143.4 
ITL2,TLI3,Inner London - West, 193.4 , 199.0 , 203.6 , 210.8 , 204.5 , 197.7 , 197.6 , 204.1 , 214.3 , 224.8 , 239.6 , 249.0 , 244.4 , 235.4 , 224.5 , 233.4 , 246.7 , 251.3 , 252.1 , 251.3 , 249.3 , 249.6 , 242.9 , 230.6 , 267.5 
ITL3,TLI31,Camden and City of London, 172.5 , 188.2 , 190.6 , 198.8 , 191.1 , 186.9 , 186.6 , 193.4 , 206.2 , 217.7 , 231.1 , 245.1 , 240.1 , 230.3 , 217.4 , 225.5 , 237.2 , 233.5 , 236.8 , 236.6 , 236.1 , 239.6 , 234.2 , 216.7 , 294.5 
ITL3,TLI32,Westminster, 199.3 , 203.4 , 212.1 , 217.6 , 213.1 , 205.7 , 205.4 , 211.6 , 219.9 , 230.8 , 247.9 , 260.0 , 259.1 , 255.1 , 245.6 , 255.5 , 267.0 , 273.1 , 278.3 , 279.9 , 273.6 , 265.6 , 254.8 , 234.8 , 310.9 
ITL3,TLI33,Kensington & Chelsea and Hammersmith & Fulham, 259.4 , 253.8 , 253.0 , 257.5 , 245.6 , 235.3 , 235.9 , 243.1 , 252.5 , 265.2 , 282.7 , 293.9 , 286.5 , 275.2 , 264.8 , 277.0 , 296.8 , 306.4 , 302.8 , 297.7 , 298.1 , 299.6 , 289.9 , 279.4 , 298.3 
ITL3,TLI34,Wandsworth, 129.2 , 140.9 , 149.7 , 159.3 , 158.3 , 153.8 , 153.5 , 159.2 , 170.2 , 177.7 , 189.3 , 191.8 , 189.0 , 180.0 , 170.0 , 175.4 , 184.9 , 189.8 , 190.5 , 192.6 , 190.4 , 192.9 , 192.4 , 188.8 , 191.8 
ITL2,TLI4,Inner London - East, 101.8 , 102.9 , 106.3 , 109.2 , 108.7 , 108.3 , 109.8 , 112.1 , 115.6 , 118.5 , 120.9 , 119.8 , 118.4 , 120.2 , 119.1 , 121.2 , 121.5 , 122.3 , 125.0 , 126.4 , 126.2 , 128.1 , 129.1 , 129.2 , 136.0 
ITL3,TLI41,Hackney and Newham, 60.8 , 65.1 , 69.4 , 74.4 , 76.5 , 77.4 , 80.0 , 83.6 , 88.7 , 92.8 , 95.2 , 94.7 , 94.8 , 95.4 , 94.7 , 96.3 , 98.8 , 99.2 , 101.9 , 104.7 , 105.3 , 107.2 , 109.1 , 111.2 , 117.1 
ITL3,TLI42,Tower Hamlets, 126.6 , 125.7 , 127.0 , 128.7 , 127.7 , 125.3 , 126.2 , 127.4 , 129.9 , 131.5 , 132.8 , 131.4 , 129.7 , 130.0 , 127.8 , 128.5 , 128.0 , 125.1 , 126.5 , 130.6 , 129.0 , 128.8 , 128.6 , 126.4 , 137.1 
ITL3,TLI43,Haringey and Islington, 143.1 , 142.0 , 146.2 , 147.7 , 145.6 , 144.6 , 143.9 , 145.7 , 148.1 , 151.0 , 154.1 , 152.2 , 148.8 , 151.0 , 149.3 , 152.3 , 149.7 , 150.7 , 151.4 , 147.7 , 147.7 , 149.2 , 150.6 , 147.5 , 158.6 
ITL3,TLI44,Lewisham and Southwark, 93.3 , 94.7 , 97.8 , 100.4 , 99.9 , 99.9 , 102.3 , 104.5 , 107.7 , 110.1 , 112.3 , 111.5 , 110.5 , 113.3 , 113.0 , 115.2 , 115.9 , 118.4 , 119.9 , 120.9 , 121.7 , 124.2 , 124.6 , 126.2 , 131.5 
ITL3,TLI45,Lambeth, 104.6 , 105.1 , 109.2 , 112.5 , 110.8 , 110.5 , 111.5 , 113.4 , 116.4 , 119.2 , 122.0 , 121.4 , 119.9 , 122.8 , 121.9 , 124.3 , 125.2 , 127.0 , 136.0 , 141.4 , 139.0 , 142.7 , 143.6 , 144.5 , 145.5 
ITL2,TLI5,Outer London - East and North East, 103.8 , 103.7 , 103.6 , 104.1 , 106.5 , 105.8 , 106.9 , 106.8 , 106.5 , 104.8 , 106.1 , 105.9 , 104.0 , 104.5 , 103.3 , 105.2 , 104.5 , 104.3 , 106.0 , 107.2 , 107.1 , 108.5 , 108.7 , 109.8 , 108.8 
ITL3,TLI51,Bexley and Greenwich, 117.1 , 115.2 , 115.0 , 114.1 , 115.7 , 114.3 , 114.8 , 114.0 , 112.8 , 110.7 , 111.6 , 111.2 , 109.6 , 109.9 , 108.3 , 109.0 , 108.6 , 108.6 , 108.7 , 110.1 , 109.0 , 109.4 , 110.4 , 111.1 , 110.5 
ITL3,TLI52,Barking & Dagenham and Havering, 93.9 , 95.0 , 94.7 , 95.5 , 97.9 , 98.0 , 99.7 , 99.7 , 99.3 , 97.9 , 99.4 , 99.6 , 97.7 , 98.4 , 97.6 , 99.3 , 98.2 , 96.7 , 97.2 , 98.6 , 98.4 , 99.9 , 99.5 , 101.1 , 98.8 
ITL3,TLI53,Redbridge and Waltham Forest, 101.7 , 101.5 , 102.1 , 102.9 , 105.8 , 105.7 , 106.7 , 106.7 , 106.6 , 104.7 , 105.6 , 104.9 , 102.9 , 103.6 , 102.4 , 105.0 , 104.4 , 104.6 , 107.9 , 109.2 , 111.0 , 113.6 , 113.3 , 114.0 , 112.8 
ITL3,TLI54,Enfield, 100.2 , 101.6 , 100.6 , 102.7 , 105.1 , 103.4 , 104.8 , 105.7 , 106.0 , 105.0 , 107.5 , 108.0 , 105.8 , 106.1 , 104.8 , 107.6 , 106.7 , 107.6 , 110.2 , 111.3 , 109.5 , 110.1 , 111.2 , 112.5 , 113.5 
ITL2,TLI6,Outer London - South, 118.4 , 119.5 , 120.9 , 122.6 , 122.2 , 121.5 , 124.3 , 126.5 , 127.5 , 125.8 , 127.2 , 125.9 , 121.9 , 123.4 , 123.3 , 125.3 , 125.6 , 125.5 , 127.3 , 127.7 , 125.6 , 128.5 , 128.1 , 127.4 , 126.9 
ITL3,TLI61,Bromley, 125.9 , 128.6 , 129.2 , 130.6 , 130.5 , 129.1 , 132.5 , 135.1 , 136.1 , 134.2 , 135.3 , 133.4 , 129.1 , 130.5 , 131.1 , 133.5 , 132.4 , 134.4 , 136.6 , 136.3 , 133.6 , 135.8 , 134.8 , 133.4 , 133.9 
ITL3,TLI62,Croydon, 93.4 , 94.8 , 97.6 , 99.9 , 101.4 , 102.1 , 105.1 , 107.1 , 108.6 , 107.6 , 109.1 , 108.3 , 105.6 , 106.6 , 106.6 , 108.6 , 108.2 , 107.3 , 109.4 , 110.3 , 109.9 , 112.6 , 112.9 , 114.2 , 112.2 
ITL3,TLI63,"Merton, Kingston upon Thames and Sutton", 130.5 , 130.6 , 131.3 , 132.6 , 130.9 , 129.8 , 132.1 , 134.1 , 134.9 , 132.8 , 134.2 , 133.1 , 128.4 , 130.3 , 130.0 , 131.8 , 133.3 , 132.5 , 133.8 , 134.3 , 131.5 , 134.7 , 134.3 , 132.6 , 132.7 
ITL2,TLI7,Outer London - West and North West, 121.6 , 123.2 , 124.6 , 125.6 , 125.7 , 125.8 , 128.1 , 127.3 , 128.6 , 127.2 , 128.5 , 128.5 , 125.4 , 126.2 , 124.8 , 128.4 , 130.3 , 131.8 , 135.4 , 135.2 , 133.5 , 135.3 , 134.6 , 133.7 , 130.4 
ITL3,TLI71,Barnet, 116.4 , 120.0 , 121.0 , 123.9 , 123.7 , 124.2 , 126.7 , 126.4 , 129.3 , 129.4 , 131.5 , 132.1 , 127.9 , 129.1 , 128.1 , 132.4 , 133.0 , 136.1 , 143.3 , 145.6 , 143.7 , 145.7 , 143.7 , 141.9 , 146.0 
ITL3,TLI72,Brent, 101.1 , 103.0 , 106.0 , 107.0 , 107.6 , 109.3 , 111.9 , 111.7 , 114.7 , 113.1 , 114.3 , 114.2 , 113.2 , 113.7 , 112.8 , 116.7 , 118.7 , 120.8 , 122.8 , 123.4 , 122.2 , 124.9 , 124.3 , 124.1 , 119.2 
ITL3,TLI73,Ealing, 119.6 , 120.0 , 121.1 , 121.0 , 121.3 , 121.4 , 123.8 , 122.9 , 123.5 , 121.9 , 123.1 , 123.1 , 120.9 , 122.6 , 121.8 , 125.6 , 128.9 , 132.2 , 135.2 , 134.7 , 132.4 , 132.2 , 131.3 , 134.2 , 123.0 
ITL3,TLI74,Harrow and Hillingdon, 104.8 , 107.8 , 110.0 , 111.0 , 112.8 , 113.5 , 115.9 , 115.5 , 116.6 , 114.7 , 116.3 , 116.4 , 112.9 , 114.1 , 112.8 , 115.2 , 116.9 , 116.5 , 118.8 , 119.8 , 118.6 , 119.3 , 118.0 , 116.6 , 115.7 
ITL3,TLI75,Hounslow and Richmond upon Thames, 161.0 , 160.0 , 159.9 , 160.3 , 158.5 , 156.4 , 157.7 , 155.5 , 155.3 , 153.5 , 154.1 , 153.9 , 149.8 , 149.4 , 146.8 , 151.1 , 152.8 , 153.6 , 157.5 , 153.3 , 151.3 , 155.4 , 156.1 , 153.5 , 148.5 
ITL1,TLJ,South East, 119.7 , 119.4 , 118.1 , 118.1 , 117.4 , 117.4 , 115.6 , 115.4 , 115.4 , 115.8 , 116.0 , 115.3 , 115.6 , 114.8 , 114.8 , 114.6 , 114.9 , 114.2 , 115.1 , 115.3 , 115.5 , 115.2 , 115.3 , 114.4 , 113.6 
ITL2,TLJ1,"Berkshire, Buckinghamshire and Oxfordshire", 126.5 , 126.0 , 124.4 , 125.2 , 123.5 , 123.5 , 121.8 , 121.4 , 120.9 , 122.5 , 122.9 , 122.3 , 121.9 , 120.0 , 120.1 , 119.8 , 119.9 , 119.7 , 121.4 , 122.1 , 122.6 , 122.0 , 123.1 , 122.0 , 117.8 
ITL3,TLJ11,Berkshire, 127.9 , 127.4 , 125.2 , 126.4 , 123.1 , 123.2 , 122.2 , 120.4 , 120.4 , 120.5 , 123.0 , 122.0 , 120.4 , 118.4 , 119.2 , 119.2 , 120.1 , 119.1 , 119.7 , 120.9 , 121.2 , 120.6 , 122.6 , 122.2 , 117.5 
ITL3,TLJ12,Milton Keynes, 104.0 , 103.4 , 102.3 , 101.9 , 101.2 , 104.4 , 103.9 , 105.6 , 105.2 , 104.6 , 104.9 , 104.8 , 103.3 , 104.0 , 103.2 , 101.6 , 99.9 , 100.0 , 101.5 , 102.7 , 104.2 , 104.9 , 103.8 , 105.7 , 98.8 
ITL3,TLJ13,Buckinghamshire CC, 137.9 , 137.7 , 136.9 , 137.0 , 137.7 , 136.3 , 133.5 , 133.9 , 133.7 , 137.5 , 136.9 , 136.6 , 137.4 , 135.4 , 134.6 , 133.1 , 132.9 , 133.1 , 135.2 , 136.8 , 136.6 , 135.2 , 135.1 , 131.7 , 131.2 
ITL3,TLJ14,Oxfordshire CC, 123.1 , 122.7 , 121.0 , 122.5 , 120.5 , 120.6 , 118.4 , 118.7 , 117.1 , 120.0 , 118.4 , 117.8 , 118.6 , 116.3 , 116.4 , 117.1 , 117.2 , 117.8 , 120.7 , 119.6 , 120.5 , 120.2 , 121.8 , 120.6 , 115.7 
ITL2,TLJ2,"Surrey, East and West Sussex", 129.5 , 130.7 , 129.0 , 127.9 , 127.1 , 126.7 , 124.5 , 123.7 , 125.4 , 126.2 , 125.8 , 124.5 , 124.0 , 123.8 , 123.6 , 123.7 , 124.8 , 123.7 , 124.8 , 124.8 , 124.8 , 124.7 , 124.1 , 122.2 , 123.0 
ITL3,TLJ21,Brighton and Hove, 113.7 , 112.2 , 111.8 , 112.4 , 113.0 , 113.6 , 112.3 , 112.5 , 113.8 , 111.4 , 110.1 , 110.8 , 112.5 , 110.8 , 110.6 , 108.3 , 107.9 , 107.7 , 108.6 , 109.7 , 110.8 , 110.7 , 110.2 , 108.6 , 114.6 
ITL3,TLJ22,East Sussex CC, 109.3 , 109.0 , 108.5 , 107.6 , 108.2 , 107.6 , 106.5 , 104.6 , 105.0 , 104.8 , 107.6 , 107.7 , 108.2 , 110.6 , 108.6 , 107.4 , 108.8 , 106.9 , 107.0 , 107.8 , 106.9 , 105.3 , 104.7 , 104.2 , 107.1 
ITL3,TLJ25,West Surrey, 150.5 , 153.2 , 152.1 , 149.2 , 146.4 , 146.2 , 142.8 , 142.2 , 145.0 , 147.9 , 146.6 , 144.5 , 143.5 , 142.2 , 142.3 , 143.8 , 145.8 , 145.3 , 147.2 , 145.8 , 146.3 , 147.4 , 146.8 , 143.5 , 144.8 
ITL3,TLJ26,East Surrey, 145.9 , 149.8 , 147.8 , 145.5 , 142.6 , 142.7 , 139.7 , 138.8 , 142.5 , 146.2 , 145.3 , 142.7 , 139.7 , 138.4 , 138.3 , 140.1 , 140.7 , 139.5 , 142.6 , 141.5 , 141.2 , 140.7 , 140.3 , 137.3 , 137.3 
ITL3,TLJ27,West Sussex (South West), 106.1 , 108.5 , 105.7 , 106.6 , 108.6 , 107.9 , 106.7 , 106.3 , 107.6 , 107.4 , 106.7 , 105.5 , 106.1 , 106.9 , 107.7 , 107.6 , 108.5 , 107.2 , 108.5 , 109.1 , 109.6 , 109.3 , 107.9 , 107.4 , 105.8 
ITL3,TLJ28,West Sussex (North East), 137.4 , 135.2 , 131.4 , 131.2 , 130.6 , 129.4 , 127.4 , 126.7 , 126.7 , 125.2 , 123.5 , 121.4 , 120.1 , 119.4 , 120.0 , 119.2 , 120.0 , 118.4 , 117.3 , 118.6 , 118.5 , 118.8 , 118.9 , 116.7 , 112.7 
ITL2,TLJ3,Hampshire and Isle of Wight, 108.7 , 107.7 , 106.6 , 106.9 , 106.9 , 107.3 , 105.7 , 105.8 , 104.6 , 104.0 , 104.7 , 104.8 , 106.2 , 105.3 , 105.3 , 105.3 , 105.1 , 104.1 , 104.5 , 104.2 , 104.5 , 104.4 , 104.6 , 104.1 , 103.3 
ITL3,TLJ31,Portsmouth, 87.5 , 86.1 , 87.0 , 89.0 , 86.0 , 87.3 , 85.8 , 82.9 , 79.7 , 78.3 , 78.8 , 79.2 , 82.0 , 80.9 , 80.7 , 78.4 , 79.0 , 78.4 , 79.5 , 80.6 , 80.9 , 80.7 , 81.4 , 83.8 , 85.7 
ITL3,TLJ32,Southampton, 90.3 , 87.5 , 85.0 , 85.4 , 84.9 , 86.1 , 85.0 , 84.4 , 82.4 , 82.9 , 83.9 , 83.0 , 84.2 , 83.4 , 83.4 , 82.1 , 81.3 , 80.9 , 79.4 , 81.6 , 82.8 , 82.7 , 82.9 , 83.4 , 83.5 
ITL3,TLJ34,Isle of Wight, 91.1 , 91.2 , 89.7 , 88.6 , 91.6 , 91.4 , 89.9 , 90.2 , 90.9 , 91.3 , 91.1 , 91.0 , 94.5 , 95.3 , 95.4 , 92.6 , 91.9 , 89.4 , 87.7 , 87.8 , 87.8 , 88.2 , 88.9 , 89.7 , 90.1 
ITL3,TLJ35,South Hampshire, 99.5 , 99.1 , 98.9 , 98.3 , 99.7 , 101.4 , 100.3 , 100.8 , 100.3 , 99.4 , 100.0 , 100.2 , 102.4 , 101.5 , 102.0 , 103.0 , 103.6 , 102.4 , 101.5 , 100.6 , 99.5 , 98.8 , 99.0 , 98.3 , 97.8 
ITL3,TLJ36,Central Hampshire, 124.1 , 124.0 , 122.7 , 123.9 , 124.0 , 123.4 , 121.5 , 122.4 , 122.3 , 121.9 , 122.6 , 123.2 , 123.7 , 122.7 , 122.5 , 123.6 , 122.0 , 121.1 , 123.0 , 122.4 , 122.7 , 122.8 , 122.8 , 120.5 , 119.9 
ITL3,TLJ37,North Hampshire, 128.7 , 126.5 , 124.1 , 124.1 , 123.0 , 122.8 , 120.6 , 120.9 , 118.8 , 117.1 , 117.8 , 117.5 , 118.1 , 116.7 , 116.6 , 117.3 , 117.9 , 116.7 , 118.6 , 117.4 , 118.8 , 118.9 , 118.6 , 118.0 , 112.7 
ITL2,TLJ4,Kent, 107.3 , 105.5 , 105.0 , 105.5 , 105.7 , 105.8 , 104.4 , 104.7 , 104.2 , 103.5 , 103.6 , 103.2 , 104.5 , 104.1 , 104.2 , 103.6 , 103.5 , 103.1 , 102.8 , 103.7 , 103.6 , 103.1 , 102.9 , 103.2 , 104.2 
ITL3,TLJ41,Medway, 100.7 , 96.7 , 96.5 , 95.9 , 96.3 , 96.7 , 95.4 , 96.3 , 95.6 , 94.6 , 94.9 , 94.4 , 96.2 , 95.4 , 95.6 , 93.9 , 92.4 , 91.7 , 91.6 , 92.9 , 92.9 , 92.4 , 92.7 , 94.5 , 94.0 
ITL3,TLJ43,Kent Thames Gateway, 99.3 , 98.0 , 98.0 , 97.8 , 98.0 , 99.3 , 98.3 , 98.0 , 97.1 , 96.4 , 96.6 , 96.1 , 97.5 , 97.1 , 97.3 , 96.5 , 96.2 , 95.6 , 95.2 , 97.5 , 97.9 , 97.5 , 97.7 , 97.9 , 97.3 
ITL3,TLJ44,East Kent, 84.3 , 84.6 , 85.5 , 86.2 , 87.8 , 89.1 , 88.5 , 88.9 , 89.0 , 88.8 , 89.3 , 89.6 , 92.7 , 93.1 , 93.7 , 93.5 , 93.4 , 92.8 , 91.8 , 92.7 , 92.3 , 91.3 , 91.1 , 92.8 , 96.1 
ITL3,TLJ45,Mid Kent, 117.0 , 115.2 , 114.1 , 115.0 , 114.7 , 113.5 , 111.6 , 111.8 , 110.9 , 109.8 , 109.3 , 108.4 , 108.8 , 108.2 , 107.5 , 107.4 , 107.7 , 106.6 , 104.6 , 106.5 , 105.9 , 105.0 , 104.7 , 105.0 , 103.9 
ITL3,TLJ46,West Kent, 146.2 , 142.2 , 139.3 , 140.9 , 139.3 , 137.5 , 134.7 , 135.6 , 134.5 , 133.7 , 133.1 , 132.1 , 131.1 , 130.1 , 129.7 , 129.3 , 130.3 , 131.1 , 133.5 , 132.0 , 131.7 , 132.3 , 131.2 , 128.7 , 130.6 
ITL1,TLK,South West, 103.0 , 102.9 , 102.0 , 100.6 , 100.5 , 99.6 , 99.3 , 98.8 , 99.0 , 99.9 , 98.9 , 99.4 , 98.3 , 99.7 , 100.2 , 98.8 , 98.7 , 98.9 , 98.3 , 98.2 , 98.2 , 98.3 , 99.1 , 98.4 , 97.9 
ITL2,TLK1,"Gloucestershire, Wiltshire and Bath/Bristol Area", 107.1 , 106.7 , 106.5 , 105.5 , 105.0 , 103.6 , 103.0 , 102.4 , 102.7 , 103.5 , 102.4 , 102.8 , 101.2 , 102.2 , 102.8 , 101.5 , 102.0 , 102.8 , 102.7 , 102.8 , 102.4 , 102.9 , 103.8 , 102.5 , 101.3 
ITL3,TLK11,"Bristol, City of", 97.0 , 96.0 , 95.9 , 96.0 , 96.7 , 95.6 , 94.7 , 94.4 , 92.3 , 92.9 , 92.8 , 93.0 , 91.2 , 93.2 , 94.2 , 92.3 , 92.1 , 92.7 , 92.8 , 94.7 , 95.8 , 95.8 , 98.3 , 98.0 , 97.3 
ITL3,TLK12,"Bath and North East Somerset, North Somerset and South Gloucestershire", 111.8 , 112.9 , 113.0 , 108.9 , 106.3 , 104.7 , 105.1 , 103.6 , 103.9 , 105.6 , 104.5 , 105.9 , 103.9 , 104.7 , 105.6 , 104.7 , 105.1 , 105.4 , 107.3 , 106.5 , 105.3 , 106.1 , 105.7 , 103.6 , 103.6 
ITL3,TLK13,Gloucestershire CC, 108.5 , 107.7 , 107.2 , 106.4 , 106.6 , 104.2 , 102.4 , 103.2 , 106.1 , 106.8 , 105.2 , 105.9 , 104.5 , 105.7 , 105.6 , 104.7 , 105.6 , 107.4 , 106.4 , 105.7 , 104.1 , 104.1 , 104.8 , 103.4 , 102.9 
ITL3,TLK14,Swindon, 103.5 , 104.6 , 105.3 , 105.1 , 106.0 , 106.3 , 104.9 , 102.7 , 101.5 , 101.2 , 98.8 , 98.1 , 98.6 , 96.7 , 96.9 , 95.6 , 94.7 , 95.3 , 93.9 , 95.4 , 95.1 , 95.1 , 96.2 , 96.5 , 91.4 
ITL3,TLK15,Wiltshire, 109.4 , 107.7 , 106.9 , 108.1 , 108.2 , 107.3 , 107.6 , 106.6 , 106.7 , 106.9 , 105.9 , 105.3 , 103.6 , 104.7 , 105.8 , 104.2 , 105.5 , 105.8 , 105.0 , 104.7 , 105.4 , 106.9 , 108.2 , 106.5 , 104.5 
ITL2,TLK2,Dorset and Somerset, 105.0 , 105.7 , 104.6 , 103.0 , 103.1 , 101.6 , 102.2 , 101.8 , 101.9 , 103.3 , 102.3 , 102.4 , 99.8 , 102.3 , 103.2 , 101.3 , 100.9 , 101.1 , 100.2 , 99.5 , 99.5 , 99.7 , 100.7 , 99.8 , 99.3 
ITL3,TLK23,Somerset CC, 101.3 , 102.2 , 100.7 , 98.0 , 98.9 , 97.1 , 97.8 , 98.2 , 98.0 , 99.4 , 98.2 , 99.0 , 97.4 , 100.1 , 100.6 , 98.4 , 97.3 , 98.0 , 96.6 , 95.8 , 96.1 , 96.0 , 97.0 , 96.7 , 96.0 
ITL3,TLK24,"Bournemouth, Christchurch and Poole", 107.5 , 107.4 , 107.5 , 107.3 , 107.0 , 105.2 , 105.2 , 105.0 , 105.4 , 106.2 , 105.6 , 104.6 , 100.6 , 102.3 , 102.7 , 100.9 , 101.2 , 100.5 , 101.0 , 100.3 , 100.4 , 100.9 , 102.3 , 100.7 , 100.3 
ITL3,TLK25,Dorset, 107.7 , 109.2 , 107.4 , 105.7 , 105.4 , 104.6 , 105.5 , 103.9 , 103.9 , 106.3 , 104.8 , 105.2 , 102.7 , 105.7 , 107.5 , 106.0 , 105.8 , 106.1 , 104.6 , 104.1 , 103.7 , 104.0 , 104.7 , 103.5 , 103.1 
ITL2,TLK3,Cornwall and Isles of Scilly, 91.8 , 91.8 , 89.1 , 88.4 , 90.0 , 90.9 , 89.9 , 89.4 , 89.1 , 89.8 , 89.2 , 89.2 , 89.3 , 91.5 , 92.3 , 90.9 , 89.4 , 88.8 , 87.1 , 88.2 , 89.4 , 88.0 , 88.8 , 90.2 , 91.2 
ITL3,TLK30,Cornwall and Isles of Scilly, 91.8 , 91.8 , 89.1 , 88.4 , 90.0 , 90.9 , 89.9 , 89.4 , 89.1 , 89.8 , 89.2 , 89.2 , 89.3 , 91.5 , 92.3 , 90.9 , 89.4 , 88.8 , 87.1 , 88.2 , 89.4 , 88.0 , 88.8 , 90.2 , 91.2 
ITL2,TLK4,Devon, 97.6 , 97.1 , 95.8 , 93.7 , 93.6 , 93.4 , 92.8 , 92.7 , 92.9 , 93.6 , 92.6 , 94.0 , 94.7 , 95.4 , 95.1 , 93.9 , 93.7 , 93.2 , 92.0 , 92.0 , 92.2 , 92.1 , 92.5 , 92.4 , 92.3 
ITL3,TLK41,Plymouth, 85.9 , 86.2 , 85.0 , 84.7 , 83.9 , 83.1 , 83.7 , 83.5 , 81.9 , 81.6 , 81.2 , 81.7 , 82.2 , 85.0 , 85.3 , 83.0 , 82.4 , 82.1 , 80.1 , 80.0 , 81.4 , 80.8 , 81.7 , 82.3 , 80.6 
ITL3,TLK42,Torbay, 92.7 , 91.5 , 91.2 , 92.5 , 89.5 , 88.4 , 88.8 , 88.5 , 90.0 , 90.1 , 87.7 , 89.9 , 89.9 , 91.4 , 91.8 , 90.6 , 90.4 , 90.7 , 88.1 , 88.6 , 88.7 , 87.8 , 87.7 , 89.8 , 88.8 
ITL3,TLK43,Devon CC, 102.8 , 102.0 , 100.5 , 97.0 , 97.7 , 97.9 , 96.7 , 96.6 , 97.2 , 98.4 , 97.4 , 98.9 , 99.9 , 99.7 , 99.1 , 98.2 , 98.1 , 97.4 , 96.8 , 96.6 , 96.4 , 96.6 , 96.8 , 96.0 , 96.7 
ITL1,TLL,Wales, 87.4 , 85.9 , 86.0 , 86.4 , 86.6 , 87.0 , 87.5 , 87.5 , 86.6 , 85.7 , 84.3 , 85.5 , 84.1 , 84.7 , 85.2 , 84.6 , 83.1 , 82.9 , 81.2 , 80.7 , 81.3 , 81.3 , 80.7 , 82.3 , 83.2 
ITL2,TLL1,West Wales and The Valleys, 85.2 , 83.8 , 83.3 , 83.0 , 83.7 , 83.8 , 84.4 , 84.5 , 83.8 , 82.7 , 81.3 , 82.6 , 81.5 , 81.7 , 82.1 , 81.8 , 80.5 , 80.2 , 78.3 , 77.7 , 78.1 , 77.9 , 77.4 , 78.9 , 80.2 
ITL3,TLL11,Isle of Anglesey, 89.3 , 89.8 , 87.7 , 86.9 , 85.4 , 85.1 , 86.9 , 88.7 , 86.7 , 83.8 , 83.4 , 86.2 , 86.7 , 87.2 , 87.9 , 87.3 , 87.0 , 85.7 , 83.7 , 83.1 , 83.2 , 82.4 , 80.9 , 82.1 , 83.2 
ITL3,TLL12,Gwynedd, 82.2 , 81.0 , 81.7 , 79.9 , 81.8 , 82.8 , 82.5 , 83.7 , 83.3 , 84.4 , 81.6 , 80.3 , 80.5 , 80.8 , 80.6 , 79.4 , 78.4 , 78.7 , 77.0 , 76.2 , 76.2 , 75.0 , 74.4 , 75.4 , 80.4 
ITL3,TLL13,Conwy and Denbighshire, 96.3 , 94.6 , 92.5 , 91.2 , 91.4 , 92.3 , 92.3 , 92.0 , 92.9 , 90.2 , 88.1 , 90.0 , 88.2 , 88.9 , 90.5 , 90.0 , 88.0 , 87.3 , 85.1 , 84.2 , 84.7 , 84.9 , 83.4 , 84.0 , 85.0 
ITL3,TLL14,South West Wales, 84.5 , 83.8 , 82.2 , 78.5 , 79.2 , 80.8 , 82.1 , 81.7 , 83.2 , 84.6 , 82.1 , 83.9 , 83.4 , 84.4 , 85.4 , 85.2 , 83.5 , 83.0 , 80.7 , 80.3 , 80.1 , 80.1 , 79.5 , 80.4 , 81.7 
ITL3,TLL15,Central Valleys, 75.5 , 72.6 , 73.1 , 75.3 , 77.7 , 79.0 , 78.9 , 80.0 , 79.9 , 78.5 , 77.7 , 78.0 , 76.9 , 77.7 , 77.8 , 77.4 , 76.2 , 75.6 , 74.0 , 73.6 , 74.5 , 74.5 , 74.1 , 75.7 , 76.4 
ITL3,TLL16,Gwent Valleys, 82.0 , 80.2 , 81.2 , 83.2 , 82.2 , 81.3 , 82.8 , 82.7 , 80.5 , 77.6 , 77.3 , 77.3 , 75.7 , 76.2 , 76.8 , 77.0 , 76.1 , 74.9 , 73.8 , 74.5 , 74.4 , 74.4 , 74.5 , 76.2 , 77.6 
ITL3,TLL17,Bridgend and Neath Port Talbot, 90.6 , 89.3 , 87.7 , 89.5 , 88.7 , 86.1 , 86.6 , 86.4 , 84.9 , 83.8 , 83.3 , 83.7 , 82.2 , 82.3 , 81.8 , 81.8 , 81.4 , 80.9 , 78.8 , 78.1 , 79.1 , 78.5 , 78.1 , 80.0 , 79.2 
ITL3,TLL18,Swansea, 88.0 , 87.0 , 87.2 , 85.7 , 88.2 , 88.3 , 87.8 , 87.1 , 84.3 , 83.3 , 81.2 , 85.6 , 84.6 , 82.2 , 81.7 , 81.4 , 79.1 , 80.8 , 78.2 , 76.4 , 77.0 , 76.9 , 76.8 , 79.7 , 82.0 
ITL2,TLL2,East Wales, 91.3 , 89.8 , 90.9 , 92.3 , 91.8 , 92.5 , 93.0 , 92.8 , 91.4 , 91.0 , 89.6 , 90.7 , 88.7 , 89.7 , 90.5 , 89.4 , 87.4 , 87.5 , 86.2 , 85.7 , 86.8 , 87.1 , 86.3 , 87.9 , 88.2 
ITL3,TLL21,Monmouthshire and Newport, 91.9 , 89.3 , 92.0 , 94.7 , 94.7 , 96.2 , 95.4 , 93.5 , 93.2 , 92.5 , 93.8 , 94.5 , 90.3 , 90.9 , 92.0 , 91.7 , 88.9 , 90.0 , 88.4 , 88.8 , 88.9 , 89.5 , 89.2 , 89.9 , 88.6 
ITL3,TLL22,Cardiff and Vale of Glamorgan, 93.1 , 93.1 , 93.7 , 93.6 , 93.1 , 94.0 , 94.9 , 94.2 , 92.0 , 92.4 , 90.2 , 91.5 , 90.4 , 90.9 , 91.2 , 89.3 , 86.9 , 86.5 , 85.3 , 84.0 , 85.5 , 86.5 , 85.5 , 87.8 , 89.7 
ITL3,TLL23,Flintshire and Wrexham, 90.4 , 88.4 , 88.3 , 91.2 , 90.0 , 90.0 , 90.9 , 91.4 , 89.9 , 88.3 , 86.3 , 87.0 , 85.1 , 86.4 , 88.3 , 87.6 , 86.9 , 87.5 , 87.0 , 87.0 , 87.6 , 86.4 , 85.1 , 86.3 , 85.3 
ITL3,TLL24,Powys, 85.6 , 82.8 , 84.7 , 86.5 , 86.1 , 86.0 , 87.1 , 89.6 , 89.5 , 89.4 , 86.9 , 88.8 , 88.1 , 90.8 , 90.4 , 89.5 , 87.4 , 86.2 , 84.1 , 83.6 , 86.2 , 86.3 , 86.7 , 87.8 , 88.2 
ITL1,TLM,Scotland, 90.5 , 90.6 , 89.9 , 90.5 , 91.4 , 92.5 , 92.8 , 93.4 , 93.3 , 93.8 , 94.3 , 95.7 , 95.3 , 95.7 , 96.6 , 95.9 , 95.6 , 94.9 , 92.9 , 92.3 , 92.0 , 91.1 , 91.4 , 91.7 , 90.6 
ITL2,TLM5,North Eastern Scotland, 103.1 , 102.5 , 97.4 , 98.4 , 99.9 , 101.0 , 100.3 , 103.6 , 106.9 , 108.0 , 109.6 , 112.1 , 112.4 , 113.5 , 117.3 , 117.3 , 119.9 , 119.1 , 113.2 , 106.2 , 104.3 , 103.2 , 102.9 , 101.3 , 99.2 
ITL3,TLM50,Aberdeen City and Aberdeenshire, 103.1 , 102.5 , 97.4 , 98.4 , 99.9 , 101.0 , 100.3 , 103.6 , 106.9 , 108.0 , 109.6 , 112.1 , 112.4 , 113.5 , 117.3 , 117.3 , 119.9 , 119.1 , 113.2 , 106.2 , 104.3 , 103.2 , 102.9 , 101.3 , 99.2 
ITL2,TLM6,Highlands and Islands, 82.0 , 81.9 , 80.1 , 80.0 , 81.3 , 82.6 , 82.1 , 82.0 , 81.9 , 85.1 , 85.8 , 92.7 , 93.7 , 94.9 , 93.7 , 94.0 , 93.5 , 92.4 , 91.0 , 91.0 , 90.8 , 90.5 , 91.7 , 91.8 , 90.4 
ITL3,TLM61,"Caithness and Sutherland, and Ross and Cromarty", 90.1 , 90.0 , 88.7 , 87.4 , 89.3 , 91.4 , 90.3 , 89.1 , 90.0 , 91.9 , 89.5 , 91.0 , 93.6 , 94.7 , 95.9 , 97.6 , 98.2 , 94.4 , 93.4 , 93.0 , 92.1 , 89.4 , 89.8 , 90.6 , 89.5 
ITL3,TLM62,"Inverness and Nairn, Moray, Badenoch and Strathspey", 82.5 , 81.9 , 81.0 , 79.3 , 80.0 , 80.4 , 79.8 , 79.1 , 77.4 , 82.5 , 84.4 , 96.6 , 95.0 , 95.8 , 93.1 , 93.6 , 93.6 , 93.3 , 91.5 , 91.2 , 91.5 , 92.1 , 92.4 , 91.9 , 90.3 
ITL3,TLM63,"Lochaber, Skye and Lochalsh, Arran and Cumbrae, and Argyll and Bute", 75.5 , 75.7 , 71.9 , 75.4 , 78.2 , 81.1 , 80.9 , 81.5 , 82.9 , 85.7 , 85.9 , 90.0 , 92.2 , 93.7 , 92.4 , 91.7 , 89.6 , 88.1 , 87.0 , 88.5 , 88.1 , 88.5 , 92.1 , 92.7 , 91.0 
ITL3,TLM64,Na h-Eileanan Siar, 80.1 , 80.8 , 77.2 , 76.1 , 78.1 , 80.7 , 80.4 , 79.5 , 80.9 , 76.2 , 80.0 , 81.4 , 82.6 , 84.8 , 84.5 , 82.4 , 81.2 , 81.8 , 84.2 , 83.2 , 83.6 , 85.4 , 87.6 , 87.4 , 85.8 
ITL3,TLM65,Orkney Islands, 72.6 , 77.1 , 78.8 , 72.2 , 74.4 , 74.6 , 73.7 , 79.0 , 77.3 , 82.0 , 86.5 , 89.7 , 94.1 , 97.9 , 100.9 , 100.1 , 98.3 , 95.9 , 90.9 , 90.3 , 89.7 , 88.7 , 89.0 , 89.9 , 90.1 
ITL3,TLM66,Shetland Islands, 86.5 , 82.9 , 82.0 , 87.6 , 83.5 , 82.0 , 83.4 , 85.8 , 86.0 , 89.3 , 88.6 , 94.8 , 102.2 , 102.2 , 101.0 , 100.4 , 100.8 , 103.5 , 102.9 , 102.1 , 99.5 , 96.4 , 98.6 , 98.7 , 97.1 
ITL2,TLM7,Eastern Scotland, 94.3 , 94.9 , 94.6 , 94.8 , 96.0 , 96.8 , 97.5 , 98.6 , 97.8 , 98.0 , 98.4 , 99.0 , 97.7 , 97.8 , 99.3 , 98.7 , 98.3 , 97.3 , 95.4 , 95.5 , 95.5 , 94.8 , 95.6 , 95.6 , 94.6 
ITL3,TLM71,Angus and Dundee City, 86.6 , 86.3 , 85.6 , 86.9 , 88.9 , 90.5 , 88.8 , 88.9 , 86.3 , 86.0 , 87.3 , 90.9 , 89.1 , 87.7 , 88.5 , 87.5 , 88.3 , 88.0 , 85.5 , 85.2 , 84.0 , 83.2 , 83.9 , 84.1 , 82.8 
ITL3,TLM72,Clackmannanshire and Fife, 84.5 , 85.7 , 85.0 , 84.9 , 85.1 , 87.1 , 87.1 , 88.1 , 87.1 , 84.3 , 86.7 , 88.4 , 88.4 , 89.0 , 89.2 , 88.6 , 88.9 , 88.0 , 86.9 , 87.2 , 87.2 , 85.4 , 85.3 , 86.2 , 85.2 
ITL3,TLM73,East Lothian and Midlothian, 94.2 , 94.4 , 94.9 , 93.7 , 92.4 , 92.6 , 97.2 , 100.9 , 101.7 , 101.2 , 100.4 , 101.7 , 101.4 , 104.7 , 105.6 , 103.6 , 105.3 , 105.2 , 102.7 , 101.5 , 100.1 , 99.1 , 99.6 , 100.8 , 99.8 
ITL3,TLM75,City of Edinburgh, 111.0 , 112.3 , 112.7 , 113.1 , 114.5 , 115.8 , 116.2 , 116.5 , 116.4 , 118.0 , 116.0 , 115.4 , 113.7 , 113.2 , 115.4 , 115.6 , 113.2 , 111.6 , 109.8 , 110.0 , 110.2 , 110.3 , 113.1 , 111.7 , 111.5 
ITL3,TLM76,Falkirk, 82.4 , 82.0 , 84.0 , 82.5 , 84.6 , 85.5 , 86.8 , 86.7 , 86.4 , 87.9 , 88.5 , 89.6 , 87.4 , 85.9 , 88.2 , 88.7 , 87.7 , 85.7 , 83.6 , 85.1 , 86.6 , 87.1 , 86.7 , 86.1 , 84.1 
ITL3,TLM77,"Perth and Kinross, and Stirling", 105.0 , 104.9 , 100.3 , 99.8 , 102.1 , 98.9 , 100.6 , 105.9 , 104.7 , 107.4 , 106.1 , 104.7 , 103.3 , 103.1 , 106.9 , 105.2 , 104.4 , 102.2 , 99.8 , 99.0 , 98.7 , 98.0 , 98.4 , 98.0 , 96.4 
ITL3,TLM78,West Lothian, 79.5 , 80.4 , 82.7 , 85.8 , 87.5 , 89.7 , 91.1 , 89.6 , 87.7 , 89.3 , 92.9 , 90.4 , 87.4 , 88.5 , 89.0 , 88.3 , 88.2 , 88.5 , 86.3 , 87.6 , 88.2 , 87.6 , 86.4 , 87.4 , 85.7 
ITL2,TLM8,West Central Scotland, 87.2 , 86.9 , 87.9 , 89.0 , 89.8 , 90.3 , 90.4 , 89.8 , 89.3 , 89.5 , 89.8 , 90.7 , 90.3 , 89.8 , 89.7 , 88.9 , 87.9 , 87.6 , 86.2 , 86.5 , 86.2 , 85.1 , 84.7 , 85.5 , 84.5 
ITL3,TLM81,"East Dunbartonshire, West Dunbartonshire, and Helensburgh and Lomond", 86.9 , 87.5 , 93.8 , 95.4 , 95.1 , 96.4 , 96.1 , 95.6 , 96.3 , 97.1 , 96.0 , 98.5 , 98.4 , 99.6 , 100.1 , 99.5 , 97.7 , 96.1 , 95.6 , 96.1 , 97.8 , 98.1 , 96.5 , 96.2 , 95.2 
ITL3,TLM82,Glasgow City, 83.9 , 83.6 , 84.1 , 85.2 , 85.6 , 86.7 , 87.7 , 87.1 , 85.5 , 86.4 , 87.3 , 86.6 , 86.3 , 85.1 , 84.8 , 84.1 , 82.0 , 81.9 , 79.8 , 80.4 , 79.7 , 78.1 , 78.5 , 79.9 , 79.4 
ITL3,TLM83,"Inverclyde, East Renfrewshire, and Renfrewshire", 97.2 , 96.7 , 96.3 , 97.4 , 99.4 , 98.0 , 97.3 , 96.4 , 96.7 , 96.9 , 96.3 , 98.4 , 98.1 , 97.3 , 96.9 , 96.0 , 96.4 , 95.4 , 95.5 , 94.5 , 94.0 , 93.1 , 92.0 , 92.4 , 91.0 
ITL3,TLM84,North Lanarkshire, 82.4 , 82.1 , 81.6 , 82.3 , 83.1 , 83.9 , 83.9 , 83.4 , 83.4 , 81.8 , 83.2 , 84.5 , 83.7 , 83.6 , 84.1 , 83.4 , 83.0 , 84.2 , 82.1 , 83.2 , 82.6 , 81.4 , 81.0 , 81.8 , 80.3 
ITL2,TLM9,Southern Scotland, 86.4 , 86.5 , 85.1 , 85.4 , 85.8 , 88.1 , 88.8 , 89.7 , 89.6 , 89.5 , 89.7 , 90.5 , 90.6 , 92.3 , 92.7 , 91.4 , 91.0 , 90.2 , 88.5 , 88.4 , 88.1 , 87.1 , 87.4 , 88.6 , 87.6 
ITL3,TLM91,Scottish Borders, 87.9 , 89.9 , 87.7 , 88.4 , 88.4 , 90.0 , 94.4 , 95.4 , 96.3 , 96.8 , 96.1 , 97.6 , 97.5 , 99.1 , 99.4 , 95.8 , 96.3 , 98.2 , 95.3 , 95.6 , 95.1 , 92.8 , 94.5 , 95.5 , 95.3 
ITL3,TLM92,Dumfries and Galloway, 86.2 , 86.3 , 84.0 , 83.1 , 82.6 , 84.0 , 85.6 , 85.9 , 83.7 , 85.5 , 86.5 , 89.1 , 90.6 , 91.4 , 91.3 , 90.8 , 90.0 , 89.3 , 88.1 , 88.8 , 87.8 , 86.0 , 87.1 , 88.2 , 88.4 
ITL3,TLM93,East Ayrshire and North Ayrshire mainland, 78.9 , 78.1 , 75.9 , 77.4 , 79.7 , 81.9 , 82.1 , 83.3 , 83.2 , 82.9 , 83.7 , 82.9 , 83.1 , 85.5 , 85.3 , 83.9 , 84.8 , 84.0 , 81.8 , 81.4 , 80.9 , 80.2 , 80.2 , 81.1 , 79.7 
ITL3,TLM94,South Ayrshire, 88.6 , 88.2 , 88.3 , 87.6 , 89.8 , 90.9 , 93.8 , 95.3 , 94.1 , 95.6 , 93.5 , 95.4 , 95.5 , 97.5 , 98.7 , 98.4 , 98.0 , 96.7 , 93.5 , 92.9 , 91.6 , 90.1 , 88.6 , 89.2 , 88.3 
ITL3,TLM95,South Lanarkshire, 91.3 , 91.9 , 91.3 , 91.2 , 89.9 , 93.5 , 91.9 , 92.7 , 93.7 , 92.1 , 92.4 , 93.1 , 92.5 , 94.0 , 94.8 , 93.7 , 92.1 , 90.5 , 89.8 , 89.5 , 90.1 , 90.0 , 90.1 , 91.8 , 90.3 
ITL1,TLN,Northern Ireland, 80.8 , 79.4 , 78.9 , 78.9 , 78.0 , 80.4 , 81.7 , 82.9 , 84.1 , 84.8 , 82.7 , 81.9 , 81.6 , 82.0 , 83.0 , 81.4 , 81.7 , 81.7 , 80.3 , 80.6 , 81.3 , 80.3 , 80.8 , 81.1 , 81.3 
ITL2,TLN0,Northern Ireland, 80.8 , 79.4 , 78.9 , 78.9 , 78.0 , 80.4 , 81.7 , 82.9 , 84.1 , 84.8 , 82.7 , 81.9 , 81.6 , 82.0 , 83.0 , 81.4 , 81.7 , 81.7 , 80.3 , 80.6 , 81.3 , 80.3 , 80.8 , 81.1 , 81.3 
ITL3,TLN06,Belfast, 91.4 , 90.3 , 89.1 , 88.8 , 87.7 , 89.0 , 87.5 , 86.8 , 85.8 , 85.8 , 82.9 , 84.6 , 84.9 , 84.9 , 85.0 , 83.6 , 83.5 , 82.0 , 79.4 , 79.0 , 79.2 , 79.1 , 79.3 , 80.2 , 80.8 
ITL3,TLN07,"Armagh City, Banbridge and Craigavon", 79.8 , 78.6 , 78.1 , 76.2 , 75.5 , 78.0 , 79.8 , 81.9 , 83.2 , 85.2 , 83.8 , 82.4 , 81.2 , 82.0 , 82.7 , 79.9 , 80.9 , 82.8 , 81.0 , 79.1 , 79.2 , 77.8 , 78.1 , 78.7 , 79.4 
ITL3,TLN08,"Newry, Mourne and Down", 78.2 , 77.3 , 76.7 , 76.2 , 74.7 , 76.9 , 79.3 , 80.9 , 83.4 , 84.9 , 82.2 , 80.6 , 79.9 , 80.1 , 81.6 , 79.2 , 79.2 , 79.0 , 75.7 , 76.8 , 77.8 , 77.4 , 77.9 , 78.8 , 79.7 
ITL3,TLN09,Ards and North Down, 88.2 , 86.6 , 85.8 , 86.1 , 85.0 , 87.6 , 88.2 , 88.4 , 89.2 , 89.7 , 88.4 , 88.5 , 88.0 , 88.3 , 89.4 , 88.0 , 88.8 , 87.5 , 85.3 , 86.8 , 88.2 , 87.0 , 88.1 , 88.4 , 88.1 
ITL3,TLN0A,Derry City and Strabane, 65.4 , 64.0 , 64.3 , 63.9 , 64.6 , 68.9 , 71.4 , 73.9 , 77.5 , 78.0 , 75.5 , 73.2 , 73.4 , 75.2 , 76.4 , 75.3 , 75.2 , 75.3 , 72.3 , 72.8 , 73.0 , 71.4 , 72.9 , 74.7 , 76.4 
ITL3,TLN0B,Mid Ulster, 71.6 , 70.4 , 70.7 , 70.4 , 69.2 , 71.0 , 75.0 , 78.1 , 80.1 , 81.1 , 78.4 , 75.8 , 74.8 , 75.3 , 76.6 , 74.4 , 74.5 , 76.0 , 75.3 , 77.2 , 80.7 , 80.0 , 80.8 , 80.5 , 80.7 
ITL3,TLN0C,Causeway Coast and Glens, 65.6 , 63.9 , 64.2 , 64.3 , 65.9 , 70.3 , 72.0 , 73.7 , 77.4 , 78.2 , 75.0 , 72.3 , 73.7 , 75.4 , 77.7 , 76.0 , 76.0 , 76.4 , 78.3 , 80.2 , 81.5 , 79.8 , 80.0 , 79.0 , 78.0 
ITL3,TLN0D,Antrim and Newtownabbey, 86.4 , 84.6 , 84.0 , 85.6 , 84.0 , 86.5 , 87.2 , 87.9 , 88.1 , 88.1 , 87.5 , 87.4 , 86.5 , 86.1 , 87.5 , 86.5 , 86.9 , 87.1 , 84.3 , 82.7 , 83.4 , 82.0 , 82.9 , 83.6 , 82.8 
ITL3,TLN0E,Lisburn and Castlereagh, 87.0 , 84.9 , 84.7 , 87.2 , 86.2 , 88.4 , 89.6 , 90.0 , 90.6 , 89.9 , 89.1 , 89.0 , 88.0 , 87.8 , 88.2 , 88.3 , 89.5 , 89.3 , 91.1 , 92.2 , 92.3 , 91.6 , 90.8 , 90.6 , 88.7 
ITL3,TLN0F,Mid and East Antrim, 85.8 , 84.4 , 83.4 , 84.4 , 81.5 , 84.2 , 85.5 , 86.6 , 87.1 , 88.2 , 87.0 , 86.8 , 86.2 , 86.2 , 87.0 , 86.0 , 86.4 , 87.7 , 86.5 , 86.2 , 85.9 , 85.1 , 84.1 , 82.2 , 82.0 
ITL3,TLN0G,Fermanagh and Omagh, 71.0 , 69.9 , 70.3 , 69.1 , 68.7 , 70.4 , 74.7 , 77.9 , 80.4 , 81.7 , 78.9 , 76.6 , 75.9 , 76.4 , 77.5 , 75.6 , 74.6 , 74.3 , 75.0 , 76.2 , 77.0 , 75.4 , 76.7 , 77.7 , 79.0 
